milliseconds,authenticated,eventName,message,timestamp,__key__.namespace,__key__.app,__key__.path,__key__.kind,__key__.name,__key__.id,__error__,__has_error__
,,,Home page loaded in 21584ms,4/11/2024 22:16:36,,s~ecobites-444,"""logs"", ""005KwZbAZ0T6xM4lPPG2""",logs,005KwZbAZ0T6xM4lPPG2,,,FALSE
,,,Home page loaded in 30666ms,4/11/2024 21:56:14,,s~ecobites-444,"""logs"", ""0DZWXJbwTXX6Kpw3ifuS""",logs,0DZWXJbwTXX6Kpw3ifuS,,,FALSE
,,,Home page loaded in 24017ms,4/11/2024 23:37:27,,s~ecobites-444,"""logs"", ""104NspLS2oo3M8GmNpZZ""",logs,104NspLS2oo3M8GmNpZZ,,,FALSE
,,,Home page loaded in 2403079ms,5/11/2024 1:04:57,,s~ecobites-444,"""logs"", ""19nwgo1b2Z4s6HO6mbIT""",logs,19nwgo1b2Z4s6HO6mbIT,,,FALSE
,,,Main page loaded in 2172ms (Unauthenticated),4/11/2024 21:14:17,,s~ecobites-444,"""logs"", ""1Ko8y2qvnQ0MBk09273Q""",logs,1Ko8y2qvnQ0MBk09273Q,,,FALSE
,,,Main page loaded in 2640ms (Unauthenticated),4/11/2024 21:08:51,,s~ecobites-444,"""logs"", ""1nF5uTZRtETTiT8EjpJ3""",logs,1nF5uTZRtETTiT8EjpJ3,,,FALSE
,,,Home page loaded in 949775ms,4/11/2024 20:06:06,,s~ecobites-444,"""logs"", ""2J667f57PLiVhebfvaIA""",logs,2J667f57PLiVhebfvaIA,,,FALSE
,,,Home page loaded in 154785ms,4/11/2024 23:51:18,,s~ecobites-444,"""logs"", ""2UDmNeKWe0BzguMXfgpV""",logs,2UDmNeKWe0BzguMXfgpV,,,FALSE
,,,Home page loaded in 10597ms,5/11/2024 1:13:09,,s~ecobites-444,"""logs"", ""2bFb8SE9JaOmwYy7flDF""",logs,2bFb8SE9JaOmwYy7flDF,,,FALSE
,,,Home page loaded in 48398ms,4/11/2024 1:28:11,,s~ecobites-444,"""logs"", ""2gIx4FqLuYCN75cl14Ug""",logs,2gIx4FqLuYCN75cl14Ug,,,FALSE
,,,Home page loaded in 39657ms,4/11/2024 22:11:37,,s~ecobites-444,"""logs"", ""2geH53TVxJXbkkFMH4KB""",logs,2geH53TVxJXbkkFMH4KB,,,FALSE
,,,Home page loaded in 1037688ms,4/11/2024 23:01:20,,s~ecobites-444,"""logs"", ""3SGtW7vxHTnwz8cm6NZ7""",logs,3SGtW7vxHTnwz8cm6NZ7,,,FALSE
,,,Home page loaded in 10285706ms,4/11/2024 18:26:07,,s~ecobites-444,"""logs"", ""3Ug5xgW3EbrQVcXdScmm""",logs,3Ug5xgW3EbrQVcXdScmm,,,FALSE
,,,Home page loaded in 80480ms,4/11/2024 22:48:48,,s~ecobites-444,"""logs"", ""3juEp1cdhbaW6nGCKMyE""",logs,3juEp1cdhbaW6nGCKMyE,,,FALSE
,,,Home page loaded in 249129ms,4/11/2024 19:54:25,,s~ecobites-444,"""logs"", ""3oo2KLUyjxnkuw3243Ot""",logs,3oo2KLUyjxnkuw3243Ot,,,FALSE
,,,Home page loaded in 1874175ms,4/11/2024 23:15:16,,s~ecobites-444,"""logs"", ""3vUvEl5duwu3ZzxJQtKK""",logs,3vUvEl5duwu3ZzxJQtKK,,,FALSE
,,,Home page loaded in 1909047ms,4/11/2024 23:15:51,,s~ecobites-444,"""logs"", ""41fZMiA0HtRZnXNbFtpX""",logs,41fZMiA0HtRZnXNbFtpX,,,FALSE
,,,Home page loaded in 339367ms,5/11/2024 0:28:07,,s~ecobites-444,"""logs"", ""47TmywwLpQhSXvwIW56q""",logs,47TmywwLpQhSXvwIW56q,,,FALSE
,,,Home page loaded in 25785ms,4/11/2024 22:06:17,,s~ecobites-444,"""logs"", ""4HQPYJWFnoK8z5ru5sve""",logs,4HQPYJWFnoK8z5ru5sve,,,FALSE
,,,Home page loaded in 70604ms,4/11/2024 23:49:54,,s~ecobites-444,"""logs"", ""4Nfrnrll0S1J2TSxnNm1""",logs,4Nfrnrll0S1J2TSxnNm1,,,FALSE
,,,Home page loaded in 12029ms,4/11/2024 23:37:21,,s~ecobites-444,"""logs"", ""4TgQtfnOy4WrAnkKGzWS""",logs,4TgQtfnOy4WrAnkKGzWS,,,FALSE
,,,Main page loaded in 2202ms (Unauthenticated),4/11/2024 1:26:35,,s~ecobites-444,"""logs"", ""4fkpINIYuNJQryxpRGze""",logs,4fkpINIYuNJQryxpRGze,,,FALSE
,,,Home page loaded in 291889ms,4/11/2024 22:15:42,,s~ecobites-444,"""logs"", ""54QmXIJWAWUPDH7GKUGn""",logs,54QmXIJWAWUPDH7GKUGn,,,FALSE
,,,Home page loaded in 86122ms,4/11/2024 20:10:56,,s~ecobites-444,"""logs"", ""5FMbFPq9tBNSEqDR7ico""",logs,5FMbFPq9tBNSEqDR7ico,,,FALSE
,,,Home page loaded in 105019ms,4/11/2024 22:17:59,,s~ecobites-444,"""logs"", ""67lJAmHb08JQ5gncqL68""",logs,67lJAmHb08JQ5gncqL68,,,FALSE
,,,Home page loaded in 952122ms,4/11/2024 20:06:08,,s~ecobites-444,"""logs"", ""68LVAu4yZyeFlpMYayI4""",logs,68LVAu4yZyeFlpMYayI4,,,FALSE
,,,Main page loaded in 335ms (Unauthenticated),5/11/2024 4:06:41,,s~ecobites-444,"""logs"", ""6PrpYjsnHZrhwagxUf4n""",logs,6PrpYjsnHZrhwagxUf4n,,,FALSE
,,,Home page loaded in 96765ms,4/11/2024 20:48:29,,s~ecobites-444,"""logs"", ""6wTS8ZA9SdJFBLrEOBWP""",logs,6wTS8ZA9SdJFBLrEOBWP,,,FALSE
,,,Main page loaded in 2010ms (Unauthenticated),4/11/2024 0:19:35,,s~ecobites-444,"""logs"", ""74pNz5bTxZpELKOis7Pc""",logs,74pNz5bTxZpELKOis7Pc,,,FALSE
,,,Home page loaded in 17005ms,2/11/2024 21:34:12,,s~ecobites-444,"""logs"", ""7DWgJVwjrowfVoKqykGh""",logs,7DWgJVwjrowfVoKqykGh,,,FALSE
,,,Home page loaded in 1921926ms,4/11/2024 23:16:19,,s~ecobites-444,"""logs"", ""7SKvxiJfy0YEhErqdYzR""",logs,7SKvxiJfy0YEhErqdYzR,,,FALSE
,,,Home page loaded in 77455ms,4/11/2024 20:48:10,,s~ecobites-444,"""logs"", ""7eROT7cXV06l2vp163sE""",logs,7eROT7cXV06l2vp163sE,,,FALSE
,,,Home page loaded in 33888ms,4/11/2024 20:28:12,,s~ecobites-444,"""logs"", ""7pEuyySbBDNNRvAOadKF""",logs,7pEuyySbBDNNRvAOadKF,,,FALSE
,,,Home page loaded in 180083ms,4/11/2024 23:51:43,,s~ecobites-444,"""logs"", ""8NjFxw1Hxv5vS4HUkXvT""",logs,8NjFxw1Hxv5vS4HUkXvT,,,FALSE
,,,Home page loaded in 57680ms,2/11/2024 20:25:09,,s~ecobites-444,"""logs"", ""8V9UdzefNrrxjRMZr1Tx""",logs,8V9UdzefNrrxjRMZr1Tx,,,FALSE
,,,Main page loaded in 326ms (Unauthenticated),2/11/2024 21:34:28,,s~ecobites-444,"""logs"", ""8pCbPpD7vRQP1OBruhm6""",logs,8pCbPpD7vRQP1OBruhm6,,,FALSE
,,,Main page loaded in 2453ms (Unauthenticated),4/11/2024 1:26:35,,s~ecobites-444,"""logs"", ""8yRcbVRsIl5oXgw536bl""",logs,8yRcbVRsIl5oXgw536bl,,,FALSE
,,,Home page loaded in 455803ms,4/11/2024 22:18:26,,s~ecobites-444,"""logs"", ""937NiTJsIev36G5yQhMl""",logs,937NiTJsIev36G5yQhMl,,,FALSE
,,,Home page loaded in 12282ms,5/11/2024 1:17:56,,s~ecobites-444,"""logs"", ""9BcTXvlBA3Eml2chQBQ6""",logs,9BcTXvlBA3Eml2chQBQ6,,,FALSE
,,,Main page loaded in 2143ms (Unauthenticated),4/11/2024 20:31:16,,s~ecobites-444,"""logs"", ""9UPQiXz4FVtfKDBM5C6p""",logs,9UPQiXz4FVtfKDBM5C6p,,,FALSE
,,,Home page loaded in 334077ms,4/11/2024 21:43:48,,s~ecobites-444,"""logs"", ""9ra3dQuf3lKgF8amqgVR""",logs,9ra3dQuf3lKgF8amqgVR,,,FALSE
,,,Home page loaded in 39539ms,4/11/2024 22:16:54,,s~ecobites-444,"""logs"", ""AO9BapipGaZq3ddHERzx""",logs,AO9BapipGaZq3ddHERzx,,,FALSE
,,,Home page loaded in 45109ms,5/11/2024 1:27:33,,s~ecobites-444,"""logs"", ""AUbwEuPzhS2CurjNIMw3""",logs,AUbwEuPzhS2CurjNIMw3,,,FALSE
,,,Home page loaded in 119170ms,4/11/2024 21:10:46,,s~ecobites-444,"""logs"", ""AduvhNJFqxFKAP9gHU6E""",logs,AduvhNJFqxFKAP9gHU6E,,,FALSE
,,,Home page loaded in 53021ms,4/11/2024 21:39:07,,s~ecobites-444,"""logs"", ""Ai3L5rzFTgRuSFH8ULCo""",logs,Ai3L5rzFTgRuSFH8ULCo,,,FALSE
,,,Main page loaded in 7605ms (Unauthenticated),4/11/2024 18:27:45,,s~ecobites-444,"""logs"", ""AlIEZYUzLlQVp5ArHGvM""",logs,AlIEZYUzLlQVp5ArHGvM,,,FALSE
,,,Home page loaded in 29347ms,5/11/2024 0:00:24,,s~ecobites-444,"""logs"", ""AuOQ4rAEOGsMUAS6dnMU""",logs,AuOQ4rAEOGsMUAS6dnMU,,,FALSE
,,,Main page loaded in 2828ms (Unauthenticated),4/11/2024 20:36:37,,s~ecobites-444,"""logs"", ""B8eCOP9BlWxfy11EtOPF""",logs,B8eCOP9BlWxfy11EtOPF,,,FALSE
,,,Main page loaded in 286ms (Unauthenticated),5/11/2024 4:06:41,,s~ecobites-444,"""logs"", ""BKLtGyeknCGVxtP3SZNv""",logs,BKLtGyeknCGVxtP3SZNv,,,FALSE
,,,Home page loaded in 15843ms,4/11/2024 21:14:29,,s~ecobites-444,"""logs"", ""BPTteXOOKNtCfx3sNBph""",logs,BPTteXOOKNtCfx3sNBph,,,FALSE
,,,Home page loaded in 34969ms,4/11/2024 20:54:55,,s~ecobites-444,"""logs"", ""Bl6JPy2vOzd581OmTqT3""",logs,Bl6JPy2vOzd581OmTqT3,,,FALSE
,,,Home page loaded in 25731ms,4/11/2024 0:12:36,,s~ecobites-444,"""logs"", ""BoE3phH6SEiK1x5hYkTv""",logs,BoE3phH6SEiK1x5hYkTv,,,FALSE
,,,Home page loaded in 331973ms,5/11/2024 1:23:21,,s~ecobites-444,"""logs"", ""C3XBZMRItUx6rraFyPIE""",logs,C3XBZMRItUx6rraFyPIE,,,FALSE
,,,Home page loaded in 367624ms,4/11/2024 22:50:10,,s~ecobites-444,"""logs"", ""CJRlwoijgfbnlej2iQj1""",logs,CJRlwoijgfbnlej2iQj1,,,FALSE
,,,Home page loaded in 67101ms,4/11/2024 21:05:56,,s~ecobites-444,"""logs"", ""CZXbnrcV8YuFvYvgkacY""",logs,CZXbnrcV8YuFvYvgkacY,,,FALSE
,,,Home page loaded in 258338ms,4/11/2024 20:51:11,,s~ecobites-444,"""logs"", ""Cd7BgK58Vb2Nn5BEpP0E""",logs,Cd7BgK58Vb2Nn5BEpP0E,,,FALSE
,,,Home page loaded in 7819ms,5/11/2024 0:22:36,,s~ecobites-444,"""logs"", ""ChpZi1R5xkQ7M9eBIWs8""",logs,ChpZi1R5xkQ7M9eBIWs8,,,FALSE
,,,Home page loaded in 1998727ms,4/11/2024 21:47:32,,s~ecobites-444,"""logs"", ""CsuPVyQMjWEJzFrkH4w6""",logs,CsuPVyQMjWEJzFrkH4w6,,,FALSE
,,,Home page loaded in 905727ms,5/11/2024 1:07:11,,s~ecobites-444,"""logs"", ""CzrFqOevbtg4fGuaCAms""",logs,CzrFqOevbtg4fGuaCAms,,,FALSE
,,,Home page loaded in 57277ms,2/11/2024 21:00:54,,s~ecobites-444,"""logs"", ""D3Yv6bnTdkmk8Ybe3OT4""",logs,D3Yv6bnTdkmk8Ybe3OT4,,,FALSE
,,,Home page loaded in 56054ms,4/11/2024 21:04:34,,s~ecobites-444,"""logs"", ""D3y2FuxaJZ58PRRCY9ik""",logs,D3y2FuxaJZ58PRRCY9ik,,,FALSE
,,,Home page loaded in 12265ms,2/11/2024 21:32:34,,s~ecobites-444,"""logs"", ""DOhBrNcDXyOmuq1xjs7X""",logs,DOhBrNcDXyOmuq1xjs7X,,,FALSE
,,,Main page loaded in 7319ms (Unauthenticated),3/11/2024 3:28:36,,s~ecobites-444,"""logs"", ""Dgx2rZAWBqAsBDIsGRhs""",logs,Dgx2rZAWBqAsBDIsGRhs,,,FALSE
,,,Home page loaded in 514399ms,4/11/2024 22:19:24,,s~ecobites-444,"""logs"", ""E1MEgPiZ6J8yCW4dQgZ1""",logs,E1MEgPiZ6J8yCW4dQgZ1,,,FALSE
,,,Home page loaded in 15195ms,4/11/2024 20:47:50,,s~ecobites-444,"""logs"", ""E3QjsnBwECbNguEGflm2""",logs,E3QjsnBwECbNguEGflm2,,,FALSE
,,,Home page loaded in 156397ms,5/11/2024 0:13:05,,s~ecobites-444,"""logs"", ""EMcFGTC7jLEr1hM6WFPm""",logs,EMcFGTC7jLEr1hM6WFPm,,,FALSE
,,,Home page loaded in 24358ms,4/11/2024 20:31:33,,s~ecobites-444,"""logs"", ""EVRZG8V5MfK9IG0H6IU4""",logs,EVRZG8V5MfK9IG0H6IU4,,,FALSE
,,,Home page loaded in 8511ms,5/11/2024 0:00:03,,s~ecobites-444,"""logs"", ""Es4ezzXfTgs9o9gaxAfG""",logs,Es4ezzXfTgs9o9gaxAfG,,,FALSE
,,,Home page loaded in 55196ms,4/11/2024 21:05:45,,s~ecobites-444,"""logs"", ""EydIeLdm2wQxRFIDXV2u""",logs,EydIeLdm2wQxRFIDXV2u,,,FALSE
,,,Home page loaded in 127246ms,4/11/2024 0:40:47,,s~ecobites-444,"""logs"", ""FV2w1THJRYD6HWmQEFq9""",logs,FV2w1THJRYD6HWmQEFq9,,,FALSE
,,,Main page loaded in 2367ms (Unauthenticated),4/11/2024 22:11:01,,s~ecobites-444,"""logs"", ""FWKZBa2UyGn2SpP80PSy""",logs,FWKZBa2UyGn2SpP80PSy,,,FALSE
,,,Home page loaded in 25838ms,4/11/2024 0:14:39,,s~ecobites-444,"""logs"", ""FnMyOnIxTMdLzsUAgKMg""",logs,FnMyOnIxTMdLzsUAgKMg,,,FALSE
,,,Home page loaded in 68942ms,2/11/2024 20:21:49,,s~ecobites-444,"""logs"", ""H6mFDb5Q84Uj5ChCYWZk""",logs,H6mFDb5Q84Uj5ChCYWZk,,,FALSE
,,,Home page loaded in 126048ms,4/11/2024 0:16:19,,s~ecobites-444,"""logs"", ""HEBWnymB1UDvSbVLyuO9""",logs,HEBWnymB1UDvSbVLyuO9,,,FALSE
,,,Main page loaded in 3652ms (Unauthenticated),4/11/2024 22:19:16,,s~ecobites-444,"""logs"", ""HNZB9B6vMffuDE5DX99S""",logs,HNZB9B6vMffuDE5DX99S,,,FALSE
,,,Main page loaded in 313ms (Unauthenticated),2/11/2024 21:33:55,,s~ecobites-444,"""logs"", ""HRFLUooCOk1Qe1LvjBKq""",logs,HRFLUooCOk1Qe1LvjBKq,,,FALSE
,,,Home page loaded in 77796ms,4/11/2024 20:57:44,,s~ecobites-444,"""logs"", ""HcLIyDnOuAUf08iMZumN""",logs,HcLIyDnOuAUf08iMZumN,,,FALSE
,,,Home page loaded in 20985ms,4/11/2024 21:44:55,,s~ecobites-444,"""logs"", ""HgOkK0tKOYvsaRzegeO4""",logs,HgOkK0tKOYvsaRzegeO4,,,FALSE
,,,Home page loaded in 5463ms,4/11/2024 23:48:49,,s~ecobites-444,"""logs"", ""I1x6Cv3OCY0mY3qdDlRZ""",logs,I1x6Cv3OCY0mY3qdDlRZ,,,FALSE
,,,Home page loaded in 77905ms,4/11/2024 23:50:01,,s~ecobites-444,"""logs"", ""IK4YiuVweEYx24raAaMi""",logs,IK4YiuVweEYx24raAaMi,,,FALSE
,,,Home page loaded in 18149ms,4/11/2024 21:36:43,,s~ecobites-444,"""logs"", ""ITImERwi6jdfJpWt73ho""",logs,ITImERwi6jdfJpWt73ho,,,FALSE
,,,Home page loaded in 855816ms,4/11/2024 22:58:18,,s~ecobites-444,"""logs"", ""IZHbpxLaRI8CEi2ESO0T""",logs,IZHbpxLaRI8CEi2ESO0T,,,FALSE
,,,Home page loaded in 180870ms,4/11/2024 0:35:01,,s~ecobites-444,"""logs"", ""IjvDdMXbKbxJWpEIhof4""",logs,IjvDdMXbKbxJWpEIhof4,,,FALSE
,,,Home page loaded in 260604ms,4/11/2024 22:15:19,,s~ecobites-444,"""logs"", ""J9cIF41R8Ew9GbeVOD4T""",logs,J9cIF41R8Ew9GbeVOD4T,,,FALSE
,,,Main page loaded in 2726ms (Unauthenticated),4/11/2024 0:27:24,,s~ecobites-444,"""logs"", ""JDcaL1rhRxCEONxM98xm""",logs,JDcaL1rhRxCEONxM98xm,,,FALSE
,,,Home page loaded in 26417ms,5/11/2024 0:20:52,,s~ecobites-444,"""logs"", ""JS4bzSgZkWNnYlFEYI4g""",logs,JS4bzSgZkWNnYlFEYI4g,,,FALSE
,,,Home page loaded in 10220732ms,4/11/2024 18:25:01,,s~ecobites-444,"""logs"", ""JotWuuNgLDp5O2p5nY8c""",logs,JotWuuNgLDp5O2p5nY8c,,,FALSE
,,,Home page loaded in 1350178ms,2/11/2024 20:47:55,,s~ecobites-444,"""logs"", ""Jtyo60AjEvmcu5BLNjVQ""",logs,Jtyo60AjEvmcu5BLNjVQ,,,FALSE
,,,Home page loaded in 123040ms,4/11/2024 22:12:53,,s~ecobites-444,"""logs"", ""Jwe1y0K7pmIuwFaSj4tS""",logs,Jwe1y0K7pmIuwFaSj4tS,,,FALSE
,,,Home page loaded in 459688ms,5/11/2024 0:30:08,,s~ecobites-444,"""logs"", ""JxEDoRnq7pCdxxbP1faO""",logs,JxEDoRnq7pCdxxbP1faO,,,FALSE
,,,Home page loaded in 137524ms,5/11/2024 0:12:48,,s~ecobites-444,"""logs"", ""KBbWd3omANEAyHdusvO2""",logs,KBbWd3omANEAyHdusvO2,,,FALSE
,,,Home page loaded in 93952ms,4/11/2024 22:12:31,,s~ecobites-444,"""logs"", ""KC1S99z6djAp0pPhhNkv""",logs,KC1S99z6djAp0pPhhNkv,,,FALSE
,,,Home page loaded in 170214ms,4/11/2024 22:46:42,,s~ecobites-444,"""logs"", ""KD24Vknq1V1GzQFWGX0m""",logs,KD24Vknq1V1GzQFWGX0m,,,FALSE
,,,Home page loaded in 7343ms,4/11/2024 22:59:44,,s~ecobites-444,"""logs"", ""KDNQ6r57UYFDKXrUBCkL""",logs,KDNQ6r57UYFDKXrUBCkL,,,FALSE
,,,Home page loaded in 321670ms,4/11/2024 22:16:11,,s~ecobites-444,"""logs"", ""KVAyyu547V1cPdrkzWK0""",logs,KVAyyu547V1cPdrkzWK0,,,FALSE
,,,Home page loaded in 11778ms,4/11/2024 20:24:14,,s~ecobites-444,"""logs"", ""KdAtcwlZLcGcKaAvytUc""",logs,KdAtcwlZLcGcKaAvytUc,,,FALSE
,,,Main page loaded in 19468ms (Unauthenticated),4/11/2024 20:31:16,,s~ecobites-444,"""logs"", ""KsEyjlb3P0v0onJCI66R""",logs,KsEyjlb3P0v0onJCI66R,,,FALSE
,,,Home page loaded in 23760ms,3/11/2024 3:33:16,,s~ecobites-444,"""logs"", ""KsekBqEnokHLkVuqJdSz""",logs,KsekBqEnokHLkVuqJdSz,,,FALSE
,,,Home page loaded in 1903533ms,4/11/2024 23:15:46,,s~ecobites-444,"""logs"", ""KyhlDZNTUPOVRBSic3Ag""",logs,KyhlDZNTUPOVRBSic3Ag,,,FALSE
,,,Home page loaded in 50456ms,3/11/2024 23:52:25,,s~ecobites-444,"""logs"", ""LCpDYOcanskPeJuvPbOr""",logs,LCpDYOcanskPeJuvPbOr,,,FALSE
,,,Home page loaded in 3017ms,4/11/2024 22:44:05,,s~ecobites-444,"""logs"", ""LRBByzmRlzD408H9YJnJ""",logs,LRBByzmRlzD408H9YJnJ,,,FALSE
,,,Home page loaded in 23244ms,4/11/2024 23:01:20,,s~ecobites-444,"""logs"", ""LWy2MkEGLbakFB2hTdvj""",logs,LWy2MkEGLbakFB2hTdvj,,,FALSE
,,,Home page loaded in 17005ms,2/11/2024 21:34:12,,s~ecobites-444,"""logs"", ""Le14eZdWKCkSuxqnSHeY""",logs,Le14eZdWKCkSuxqnSHeY,,,FALSE
,,,Home page loaded in 35733ms,4/11/2024 0:32:36,,s~ecobites-444,"""logs"", ""LpVPfWQMUkH4LUK9zNCb""",logs,LpVPfWQMUkH4LUK9zNCb,,,FALSE
,,,Home page loaded in 195118ms,4/11/2024 20:50:08,,s~ecobites-444,"""logs"", ""M2gkHyh2Ua9chpIUH0ff""",logs,M2gkHyh2Ua9chpIUH0ff,,,FALSE
,,,Home page loaded in 49665396ms,4/11/2024 15:15:07,,s~ecobites-444,"""logs"", ""M6qesTwlnlPsz1fAC6tD""",logs,M6qesTwlnlPsz1fAC6tD,,,FALSE
,,,Home page loaded in 29690ms,5/11/2024 1:27:18,,s~ecobites-444,"""logs"", ""MDoUgEdSkX2oCs68xhRn""",logs,MDoUgEdSkX2oCs68xhRn,,,FALSE
,,,Home page loaded in 61454ms,4/11/2024 21:11:51,,s~ecobites-444,"""logs"", ""MFZVfFw9AeZrPMVfXyhu""",logs,MFZVfFw9AeZrPMVfXyhu,,,FALSE
,,,Home page loaded in 20951ms,4/11/2024 23:44:39,,s~ecobites-444,"""logs"", ""MQNEc5Nh09hb6kwQX31F""",logs,MQNEc5Nh09hb6kwQX31F,,,FALSE
,,,Home page loaded in 2983ms,4/11/2024 22:10:53,,s~ecobites-444,"""logs"", ""MeQx11n4rzXCvuMdSCIw""",logs,MeQx11n4rzXCvuMdSCIw,,,FALSE
,,,Home page loaded in 49657235ms,4/11/2024 15:15:00,,s~ecobites-444,"""logs"", ""N1X69zArJsiVCtUBClzT""",logs,N1X69zArJsiVCtUBClzT,,,FALSE
,,,Home page loaded in 42279ms,4/11/2024 1:28:05,,s~ecobites-444,"""logs"", ""N7RZVoA9g16yBQAElQuI""",logs,N7RZVoA9g16yBQAElQuI,,,FALSE
,,,Home page loaded in 283349ms,5/11/2024 1:22:27,,s~ecobites-444,"""logs"", ""NDhqEIV3hMSKiTgwnoVT""",logs,NDhqEIV3hMSKiTgwnoVT,,,FALSE
,,,Home page loaded in 68863ms,2/11/2024 20:21:49,,s~ecobites-444,"""logs"", ""NGEWQHvqjNX19MjIVS7r""",logs,NGEWQHvqjNX19MjIVS7r,,,FALSE
,,,Home page loaded in 4796ms,4/11/2024 22:00:47,,s~ecobites-444,"""logs"", ""NP14DNarKTOb7B1yh6lb""",logs,NP14DNarKTOb7B1yh6lb,,,FALSE
,,,Home page loaded in 23408ms,5/11/2024 0:52:28,,s~ecobites-444,"""logs"", ""NZiUF9DXw8YdXZyPp6wQ""",logs,NZiUF9DXw8YdXZyPp6wQ,,,FALSE
,,,Home page loaded in 37002ms,4/11/2024 22:11:27,,s~ecobites-444,"""logs"", ""Nhl8wpXqv0OnwWEJANZw""",logs,Nhl8wpXqv0OnwWEJANZw,,,FALSE
,,,Home page loaded in 189317ms,5/11/2024 0:13:38,,s~ecobites-444,"""logs"", ""NnEea5KFlEThyEILbN5M""",logs,NnEea5KFlEThyEILbN5M,,,FALSE
,,,Main page loaded in 2520ms (Unauthenticated),4/11/2024 21:48:12,,s~ecobites-444,"""logs"", ""NwOoLe5RFaPdh53CxEzK""",logs,NwOoLe5RFaPdh53CxEzK,,,FALSE
,,,Home page loaded in 19064ms,4/11/2024 21:56:36,,s~ecobites-444,"""logs"", ""ONmarJlTArcbTeZohLc9""",logs,ONmarJlTArcbTeZohLc9,,,FALSE
,,,Home page loaded in 536490ms,5/11/2024 1:26:40,,s~ecobites-444,"""logs"", ""OUdw5za6oOdX8bhVdwu6""",logs,OUdw5za6oOdX8bhVdwu6,,,FALSE
,,,Home page loaded in 9847ms,4/11/2024 21:13:15,,s~ecobites-444,"""logs"", ""Odp4iZtbbpEGORFqR35e""",logs,Odp4iZtbbpEGORFqR35e,,,FALSE
,,,Home page loaded in 27199ms,4/11/2024 21:56:10,,s~ecobites-444,"""logs"", ""OgN2HnsUOveUJEJUAfVX""",logs,OgN2HnsUOveUJEJUAfVX,,,FALSE
,,,Home page loaded in 233733ms,4/11/2024 21:48:28,,s~ecobites-444,"""logs"", ""P7M2a8ioGcKUEzyzCnyj""",logs,P7M2a8ioGcKUEzyzCnyj,,,FALSE
,,,Home page loaded in 1904600ms,4/11/2024 23:15:47,,s~ecobites-444,"""logs"", ""PD4vmFatNUlo1eoEhr29""",logs,PD4vmFatNUlo1eoEhr29,,,FALSE
,,,Home page loaded in 8496ms,2/11/2024 21:26:49,,s~ecobites-444,"""logs"", ""POrVhkLoTmsMQX9jid21""",logs,POrVhkLoTmsMQX9jid21,,,FALSE
,,,Home page loaded in 46075ms,5/11/2024 0:52:51,,s~ecobites-444,"""logs"", ""PScIihACC7WRHUGRF1Eg""",logs,PScIihACC7WRHUGRF1Eg,,,FALSE
,,,Main page loaded in 3021ms (Unauthenticated),4/11/2024 15:34:46,,s~ecobites-444,"""logs"", ""PX1jzZO1fGpPRYMURvP2""",logs,PX1jzZO1fGpPRYMURvP2,,,FALSE
,,,Home page loaded in 39863ms,4/11/2024 23:49:40,,s~ecobites-444,"""logs"", ""Pq9s0HhvkCt8HzG3JTEg""",logs,Pq9s0HhvkCt8HzG3JTEg,,,FALSE
,,,Home page loaded in 16133ms,4/11/2024 23:01:13,,s~ecobites-444,"""logs"", ""PvaKDTJ0RtrPzp3DivxY""",logs,PvaKDTJ0RtrPzp3DivxY,,,FALSE
,,,Main page loaded in 2515ms (Unauthenticated),4/11/2024 22:16:19,,s~ecobites-444,"""logs"", ""Pxul4GJ1E9lmix2Txis6""",logs,Pxul4GJ1E9lmix2Txis6,,,FALSE
,,,Home page loaded in 404578ms,4/11/2024 22:25:55,,s~ecobites-444,"""logs"", ""QD7iEbG6o64aEmE7as1w""",logs,QD7iEbG6o64aEmE7as1w,,,FALSE
,,,Main page loaded in 2510ms (Unauthenticated),4/11/2024 22:43:56,,s~ecobites-444,"""logs"", ""QJu2vLIB0oVmUH9H35nq""",logs,QJu2vLIB0oVmUH9H35nq,,,FALSE
,,,Home page loaded in 412120ms,4/11/2024 22:17:42,,s~ecobites-444,"""logs"", ""QlQav2ISOp18aBVgbBi7""",logs,QlQav2ISOp18aBVgbBi7,,,FALSE
,,,Home page loaded in 40013ms,4/11/2024 15:35:21,,s~ecobites-444,"""logs"", ""QxeTWRV1gjmpj2yFDcYm""",logs,QxeTWRV1gjmpj2yFDcYm,,,FALSE
,,,Home page loaded in 13036ms,4/11/2024 21:03:52,,s~ecobites-444,"""logs"", ""REfEN3VjGf0ZymB0b6DW""",logs,REfEN3VjGf0ZymB0b6DW,,,FALSE
,,,Home page loaded in 13608ms,4/11/2024 23:37:21,,s~ecobites-444,"""logs"", ""RGN7Je6fyEEYxly4XaGx""",logs,RGN7Je6fyEEYxly4XaGx,,,FALSE
,,,Home page loaded in 103418ms,4/11/2024 22:49:10,,s~ecobites-444,"""logs"", ""RSqpOCQExM5SG9DkJary""",logs,RSqpOCQExM5SG9DkJary,,,FALSE
,,,Home page loaded in 51406ms,4/11/2024 21:48:59,,s~ecobites-444,"""logs"", ""RTDlECfuuSgLQZmQBDFG""",logs,RTDlECfuuSgLQZmQBDFG,,,FALSE
,,,Home page loaded in 44229ms,5/11/2024 1:27:33,,s~ecobites-444,"""logs"", ""RUihmtBxpiegsfMEMweu""",logs,RUihmtBxpiegsfMEMweu,,,FALSE
,,,Home page loaded in 212334ms,4/11/2024 20:50:25,,s~ecobites-444,"""logs"", ""RWz1EXdJVPzn4cC08qV3""",logs,RWz1EXdJVPzn4cC08qV3,,,FALSE
,,,Home page loaded in 354393ms,4/11/2024 22:25:05,,s~ecobites-444,"""logs"", ""RYE5ApsXOFwpa5YU48mw""",logs,RYE5ApsXOFwpa5YU48mw,,,FALSE
,,,Home page loaded in 9504ms,4/11/2024 20:54:30,,s~ecobites-444,"""logs"", ""S0TnPqXokPY5gFRMkY0W""",logs,S0TnPqXokPY5gFRMkY0W,,,FALSE
,,,Home page loaded in 14442ms,4/11/2024 20:44:19,,s~ecobites-444,"""logs"", ""S9NH6QbxYF8m8CE8qOpK""",logs,S9NH6QbxYF8m8CE8qOpK,,,FALSE
,,,Home page loaded in 197595ms,4/11/2024 22:47:20,,s~ecobites-444,"""logs"", ""SAJgBYwMo9l02VwgE1F2""",logs,SAJgBYwMo9l02VwgE1F2,,,FALSE
,,,Home page loaded in 328168ms,4/11/2024 19:55:44,,s~ecobites-444,"""logs"", ""SHEZDmhaBX7XvC0WUNfa""",logs,SHEZDmhaBX7XvC0WUNfa,,,FALSE
,,,Home page loaded in 25210ms,4/11/2024 22:19:36,,s~ecobites-444,"""logs"", ""SI0yxWTMlpn3luRJo1Rb""",logs,SI0yxWTMlpn3luRJo1Rb,,,FALSE
,,,Home page loaded in 47776ms,4/11/2024 21:48:56,,s~ecobites-444,"""logs"", ""SiKiV3OMgRnEOdXL5yuT""",logs,SiKiV3OMgRnEOdXL5yuT,,,FALSE
,,,Home page loaded in 8420ms,5/11/2024 1:26:57,,s~ecobites-444,"""logs"", ""SlxIDyezw3FFZ9GPZR5G""",logs,SlxIDyezw3FFZ9GPZR5G,,,FALSE
,,,Home page loaded in 82413ms,2/11/2024 20:22:02,,s~ecobites-444,"""logs"", ""SwvYCHg5nQ70I8KSvluM""",logs,SwvYCHg5nQ70I8KSvluM,,,FALSE
,,,Home page loaded in 3304ms,4/11/2024 22:02:30,,s~ecobites-444,"""logs"", ""TEPM1s19hTaMfyaPQdxO""",logs,TEPM1s19hTaMfyaPQdxO,,,FALSE
,,,Home page loaded in 27346ms,4/11/2024 20:16:03,,s~ecobites-444,"""logs"", ""TS0J85nVd5JO9joKL6Ef""",logs,TS0J85nVd5JO9joKL6Ef,,,FALSE
,,,Home page loaded in 17070ms,5/11/2024 0:22:45,,s~ecobites-444,"""logs"", ""TZqjhGQBzaUK5uGgJTaT""",logs,TZqjhGQBzaUK5uGgJTaT,,,FALSE
,,,Home page loaded in 31342ms,4/11/2024 21:48:40,,s~ecobites-444,"""logs"", ""TfYl7H4FnUKhyXkxQnjc""",logs,TfYl7H4FnUKhyXkxQnjc,,,FALSE
,,,Home page loaded in 24222ms,4/11/2024 1:27:47,,s~ecobites-444,"""logs"", ""UErb0TAaRyTMWAAaCvOK""",logs,UErb0TAaRyTMWAAaCvOK,,,FALSE
,,,Home page loaded in 124018ms,4/11/2024 19:52:20,,s~ecobites-444,"""logs"", ""UHiEnGQdFsAgdDEPHUrj""",logs,UHiEnGQdFsAgdDEPHUrj,,,FALSE
,,,Home page loaded in 8550ms,4/11/2024 21:38:23,,s~ecobites-444,"""logs"", ""UQy6OGdBrRgrRQX2pbHj""",logs,UQy6OGdBrRgrRQX2pbHj,,,FALSE
,,,Home page loaded in 452753ms,4/11/2024 22:26:43,,s~ecobites-444,"""logs"", ""UjV6ICjabPUFpHeFwoUN""",logs,UjV6ICjabPUFpHeFwoUN,,,FALSE
,,,Home page loaded in 32772ms,2/11/2024 20:24:45,,s~ecobites-444,"""logs"", ""WA7yZm2C6sZtcGJSvi6Q""",logs,WA7yZm2C6sZtcGJSvi6Q,,,FALSE
,,,Main page loaded in 23802ms (Unauthenticated),4/11/2024 21:05:21,,s~ecobites-444,"""logs"", ""WQDPs9t3eM2cakgTFbVl""",logs,WQDPs9t3eM2cakgTFbVl,,,FALSE
,,,Home page loaded in 8692954ms,4/11/2024 18:00:01,,s~ecobites-444,"""logs"", ""Wol6cuY3OhW13Iw5yHTK""",logs,Wol6cuY3OhW13Iw5yHTK,,,FALSE
,,,Home page loaded in 17503ms,4/11/2024 20:38:02,,s~ecobites-444,"""logs"", ""XZkEyc7UFWRdCDuNWeBp""",logs,XZkEyc7UFWRdCDuNWeBp,,,FALSE
,,,Home page loaded in 18311ms,4/11/2024 21:03:56,,s~ecobites-444,"""logs"", ""Xwl4Pi40ilZNd8LSCP1g""",logs,Xwl4Pi40ilZNd8LSCP1g,,,FALSE
,,,Home page loaded in 139501ms,4/11/2024 0:40:59,,s~ecobites-444,"""logs"", ""Xybjgur4qKCv1ATFxAmi""",logs,Xybjgur4qKCv1ATFxAmi,,,FALSE
,,,Home page loaded in 31759ms,4/11/2024 21:36:56,,s~ecobites-444,"""logs"", ""Y1XDBY9ACkCPsUHoIgXX""",logs,Y1XDBY9ACkCPsUHoIgXX,,,FALSE
,,,Home page loaded in 569315ms,4/11/2024 23:58:12,,s~ecobites-444,"""logs"", ""Y5AhEcPB801rTWjUz4o7""",logs,Y5AhEcPB801rTWjUz4o7,,,FALSE
,,,Main page loaded in 5386ms (Unauthenticated),3/11/2024 3:31:24,,s~ecobites-444,"""logs"", ""YUKqPnGAY6JuUYnS8sEB""",logs,YUKqPnGAY6JuUYnS8sEB,,,FALSE
,,,Home page loaded in 10189057ms,4/11/2024 18:24:30,,s~ecobites-444,"""logs"", ""YYCblrQlFU8IO94GtrGd""",logs,YYCblrQlFU8IO94GtrGd,,,FALSE
,,,Home page loaded in 11423ms,2/11/2024 21:32:33,,s~ecobites-444,"""logs"", ""YqVSCj4u26jEMXuLN1zh""",logs,YqVSCj4u26jEMXuLN1zh,,,FALSE
,,,Home page loaded in 390493ms,5/11/2024 1:24:14,,s~ecobites-444,"""logs"", ""Z7cOaSrr0cZukktjijEe""",logs,Z7cOaSrr0cZukktjijEe,,,FALSE
,,,Home page loaded in 25448ms,4/11/2024 0:27:46,,s~ecobites-444,"""logs"", ""ZDMtnQFMM6df5GYHNXXw""",logs,ZDMtnQFMM6df5GYHNXXw,,,FALSE
,,,Home page loaded in 43817ms,4/11/2024 0:28:03,,s~ecobites-444,"""logs"", ""ZJnD4Hd2KJersnw6w8bw""",logs,ZJnD4Hd2KJersnw6w8bw,,,FALSE
,,,Main page loaded in 2716ms (Unauthenticated),4/11/2024 20:37:49,,s~ecobites-444,"""logs"", ""ZO9ce7iUvQMCTzdgleWL""",logs,ZO9ce7iUvQMCTzdgleWL,,,FALSE
,,,Home page loaded in 370656ms,4/11/2024 22:50:13,,s~ecobites-444,"""logs"", ""ZcEFoPe8DHqtrNPxGdC9""",logs,ZcEFoPe8DHqtrNPxGdC9,,,FALSE
,,,Home page loaded in 515317ms,4/11/2024 22:27:46,,s~ecobites-444,"""logs"", ""ZfTzls3EUuUWGfOqTu93""",logs,ZfTzls3EUuUWGfOqTu93,,,FALSE
,,,Home page loaded in 48747ms,5/11/2024 0:21:14,,s~ecobites-444,"""logs"", ""ZjJGjvcXBlLHnmVNipxt""",logs,ZjJGjvcXBlLHnmVNipxt,,,FALSE
,,,Home page loaded in 25125ms,5/11/2024 1:27:13,,s~ecobites-444,"""logs"", ""aM7bZeASt1URrL8mfphR""",logs,aM7bZeASt1URrL8mfphR,,,FALSE
,,,Main page loaded in 5628ms (Unauthenticated),3/11/2024 3:29:34,,s~ecobites-444,"""logs"", ""aTcFr5JblMU6k57rTHNH""",logs,aTcFr5JblMU6k57rTHNH,,,FALSE
,,,Home page loaded in 306198ms,4/11/2024 0:19:19,,s~ecobites-444,"""logs"", ""asBrCSLdxpAo8fPRQcCG""",logs,asBrCSLdxpAo8fPRQcCG,,,FALSE
,,,Home page loaded in 1274467ms,4/11/2024 23:05:17,,s~ecobites-444,"""logs"", ""av3rLmTFhyfh0Cw39X00""",logs,av3rLmTFhyfh0Cw39X00,,,FALSE
,,,Home page loaded in 3809ms,4/11/2024 22:05:55,,s~ecobites-444,"""logs"", ""bEelkVvE87FYtvCbn021""",logs,bEelkVvE87FYtvCbn021,,,FALSE
,,,Home page loaded in 669664ms,4/11/2024 22:22:00,,s~ecobites-444,"""logs"", ""bPG36VXX80HwzZVZDAvM""",logs,bPG36VXX80HwzZVZDAvM,,,FALSE
,,,Home page loaded in 49668867ms,4/11/2024 15:15:10,,s~ecobites-444,"""logs"", ""bfjMBJwzl5wL0HVoPVG6""",logs,bfjMBJwzl5wL0HVoPVG6,,,FALSE
,,,Home page loaded in 58942ms,5/11/2024 1:56:18,,s~ecobites-444,"""logs"", ""bmzZXd5R7GN2g2Fy76Gz""",logs,bmzZXd5R7GN2g2Fy76Gz,,,FALSE
,,,Home page loaded in 466603ms,4/11/2024 22:26:57,,s~ecobites-444,"""logs"", ""btxLUSzws7yI75KKI61S""",logs,btxLUSzws7yI75KKI61S,,,FALSE
,,,Home page loaded in 58557ms,5/11/2024 0:53:03,,s~ecobites-444,"""logs"", ""c4HongzdvJTKxD6A1c6j""",logs,c4HongzdvJTKxD6A1c6j,,,FALSE
,,,Home page loaded in 32220ms,4/11/2024 20:54:53,,s~ecobites-444,"""logs"", ""c8pIpZxrlqkiEa9MyV9R""",logs,c8pIpZxrlqkiEa9MyV9R,,,FALSE
,,,Home page loaded in 8697ms,5/11/2024 1:55:27,,s~ecobites-444,"""logs"", ""cCbU9LQJuLlZgmnLCT36""",logs,cCbU9LQJuLlZgmnLCT36,,,FALSE
,,,Home page loaded in 42742ms,4/11/2024 21:38:57,,s~ecobites-444,"""logs"", ""cP6mD9QV0riB8yvyBlOo""",logs,cP6mD9QV0riB8yvyBlOo,,,FALSE
,,,Home page loaded in 19313ms,4/11/2024 23:44:39,,s~ecobites-444,"""logs"", ""clMWCVNzBj2OaG3f3xZP""",logs,clMWCVNzBj2OaG3f3xZP,,,FALSE
,,,Home page loaded in 125298ms,4/11/2024 22:18:20,,s~ecobites-444,"""logs"", ""dV6imM7JuTRtYo3QWZfx""",logs,dV6imM7JuTRtYo3QWZfx,,,FALSE
,,,Main page loaded in 411ms (Unauthenticated),2/11/2024 21:32:23,,s~ecobites-444,"""logs"", ""df7AjtQ1P8ZgerJkcvUc""",logs,df7AjtQ1P8ZgerJkcvUc,,,FALSE
,,,Home page loaded in 5803ms,4/11/2024 23:16:20,,s~ecobites-444,"""logs"", ""dqKMUalrd3ibnPZDPsoW""",logs,dqKMUalrd3ibnPZDPsoW,,,FALSE
,,,Home page loaded in 224598ms,4/11/2024 23:20:00,,s~ecobites-444,"""logs"", ""drFeN2aL8O5iLGTo4XNS""",logs,drFeN2aL8O5iLGTo4XNS,,,FALSE
,,,Home page loaded in 28437ms,4/11/2024 23:44:44,,s~ecobites-444,"""logs"", ""dyRsGV9mcy3qBAuqxSXg""",logs,dyRsGV9mcy3qBAuqxSXg,,,FALSE
,,,Home page loaded in 1177725ms,4/11/2024 22:07:46,,s~ecobites-444,"""logs"", ""e6dUCQL3BvWKWBOg8xmu""",logs,e6dUCQL3BvWKWBOg8xmu,,,FALSE
,,,Main page loaded in 2174ms (Unauthenticated),4/11/2024 20:42:07,,s~ecobites-444,"""logs"", ""e81GtTa4d4BRQmSi0PH4""",logs,e81GtTa4d4BRQmSi0PH4,,,FALSE
,,,Home page loaded in 385820ms,5/11/2024 1:24:09,,s~ecobites-444,"""logs"", ""eJuMmOPtlUg9Ft3ahrzA""",logs,eJuMmOPtlUg9Ft3ahrzA,,,FALSE
,,,Home page loaded in 24486ms,4/11/2024 0:39:05,,s~ecobites-444,"""logs"", ""eTvZSgFvo6hzZq4aH8Ad""",logs,eTvZSgFvo6hzZq4aH8Ad,,,FALSE
,,,Home page loaded in 129287ms,4/11/2024 22:18:24,,s~ecobites-444,"""logs"", ""egMEPgzJG1mleYvHYYpw""",logs,egMEPgzJG1mleYvHYYpw,,,FALSE
,,,Home page loaded in 13936ms,4/11/2024 21:35:47,,s~ecobites-444,"""logs"", ""emqHsqVW1khSGXBmjVBr""",logs,emqHsqVW1khSGXBmjVBr,,,FALSE
,,,Home page loaded in 8818ms,4/11/2024 21:35:42,,s~ecobites-444,"""logs"", ""euBWNGZbm3TZ6iwtTON0""",logs,euBWNGZbm3TZ6iwtTON0,,,FALSE
,,,Home page loaded in 567371ms,4/11/2024 23:58:10,,s~ecobites-444,"""logs"", ""f8FCZotSjvd1ZytoZrl9""",logs,f8FCZotSjvd1ZytoZrl9,,,FALSE
,,,Home page loaded in 326356ms,4/11/2024 22:16:16,,s~ecobites-444,"""logs"", ""fBhlZjE54Z2NU6WxTLIy""",logs,fBhlZjE54Z2NU6WxTLIy,,,FALSE
,,,Home page loaded in 16049ms,2/11/2024 21:26:56,,s~ecobites-444,"""logs"", ""fImrD6814ZjS2IDDESGl""",logs,fImrD6814ZjS2IDDESGl,,,FALSE
,,,Home page loaded in 3680ms,5/11/2024 1:26:52,,s~ecobites-444,"""logs"", ""fLM1bgPF43x07eIauSVm""",logs,fLM1bgPF43x07eIauSVm,,,FALSE
,,,Home page loaded in 21584ms,4/11/2024 23:37:24,,s~ecobites-444,"""logs"", ""feudaHNfS6NEMLgFGF5u""",logs,feudaHNfS6NEMLgFGF5u,,,FALSE
,,,Main page loaded in 6136ms (Unauthenticated),2/11/2024 20:20:51,,s~ecobites-444,"""logs"", ""fx6dA5ZdzMVccIOkdapI""",logs,fx6dA5ZdzMVccIOkdapI,,,FALSE
,,,Home page loaded in 1028ms,4/11/2024 21:56:18,,s~ecobites-444,"""logs"", ""fxp9k5tuqULTxK5M4aPr""",logs,fxp9k5tuqULTxK5M4aPr,,,FALSE
,,,Home page loaded in 344000ms,4/11/2024 19:55:59,,s~ecobites-444,"""logs"", ""gRfD6sWbrbqgL2bZQoZT""",logs,gRfD6sWbrbqgL2bZQoZT,,,FALSE
,,,Home page loaded in 22432ms,4/11/2024 23:49:06,,s~ecobites-444,"""logs"", ""glnDynyHaPNDdpH1mRru""",logs,glnDynyHaPNDdpH1mRru,,,FALSE
,,,Home page loaded in 359411ms,5/11/2024 0:58:09,,s~ecobites-444,"""logs"", ""gtfgsXyU7g9YmL20y9ac""",logs,gtfgsXyU7g9YmL20y9ac,,,FALSE
,,,Home page loaded in 6469ms,5/11/2024 2:06:42,,s~ecobites-444,"""logs"", ""gwby7krE5gBuQHge8vgp""",logs,gwby7krE5gBuQHge8vgp,,,FALSE
,,,Home page loaded in 14669ms,4/11/2024 20:42:18,,s~ecobites-444,"""logs"", ""h7kXb7pR3hi80xmilLtw""",logs,h7kXb7pR3hi80xmilLtw,,,FALSE
,,,Home page loaded in 3782ms,4/11/2024 23:59:59,,s~ecobites-444,"""logs"", ""hEErk8ykHy95btmagVU9""",logs,hEErk8ykHy95btmagVU9,,,FALSE
,,,Home page loaded in 5392ms,4/11/2024 23:01:02,,s~ecobites-444,"""logs"", ""hFh1a6JjLYYj8jtAvDaM""",logs,hFh1a6JjLYYj8jtAvDaM,,,FALSE
,,,Home page loaded in 3575ms,4/11/2024 21:10:53,,s~ecobites-444,"""logs"", ""haBuFKLcvaKytKUnb3Yg""",logs,haBuFKLcvaKytKUnb3Yg,,,FALSE
,,,Home page loaded in 126349ms,4/11/2024 22:49:33,,s~ecobites-444,"""logs"", ""huzfo0hIPOxUE1MJNwDq""",logs,huzfo0hIPOxUE1MJNwDq,,,FALSE
,,,Home page loaded in 183044ms,5/11/2024 0:13:32,,s~ecobites-444,"""logs"", ""hvKmFpmbgOqct7cGTT6i""",logs,hvKmFpmbgOqct7cGTT6i,,,FALSE
,,,Home page loaded in 21872ms,4/11/2024 0:19:54,,s~ecobites-444,"""logs"", ""hxRsqlbJ3MMwgJLk6JUP""",logs,hxRsqlbJ3MMwgJLk6JUP,,,FALSE
,,,Home page loaded in 67594ms,5/11/2024 0:21:34,,s~ecobites-444,"""logs"", ""i22juf03Zgr8XWUEOdad""",logs,i22juf03Zgr8XWUEOdad,,,FALSE
,,,Home page loaded in 22236ms,4/11/2024 22:44:14,,s~ecobites-444,"""logs"", ""iHLnqhS9jiLDBWiblrsu""",logs,iHLnqhS9jiLDBWiblrsu,,,FALSE
,,,Home page loaded in 33513ms,4/11/2024 18:35:10,,s~ecobites-444,"""logs"", ""iiS8efg8G9ltMdXCPOEx""",logs,iiS8efg8G9ltMdXCPOEx,,,FALSE
,,,Home page loaded in 923675ms,5/11/2024 1:07:28,,s~ecobites-444,"""logs"", ""inq96mQSLmYe9qTduqQk""",logs,inq96mQSLmYe9qTduqQk,,,FALSE
,,,Home page loaded in 743523ms,4/11/2024 22:31:34,,s~ecobites-444,"""logs"", ""j6SpSH4vSgPzdck2rnIM""",logs,j6SpSH4vSgPzdck2rnIM,,,FALSE
,,,Home page loaded in 330594ms,4/11/2024 21:43:45,,s~ecobites-444,"""logs"", ""jW6f0bqFoqhDPTS4Kmrp""",logs,jW6f0bqFoqhDPTS4Kmrp,,,FALSE
,,,Home page loaded in 4223ms,4/11/2024 20:54:25,,s~ecobites-444,"""logs"", ""jmd4OwGnBxpt0tU4KZPY""",logs,jmd4OwGnBxpt0tU4KZPY,,,FALSE
,,,Main page loaded in 2447ms (Unauthenticated),4/11/2024 20:44:08,,s~ecobites-444,"""logs"", ""jmurALrycKOBogB4ZSzh""",logs,jmurALrycKOBogB4ZSzh,,,FALSE
,,,Main page loaded in 5374ms (Unauthenticated),3/11/2024 3:32:59,,s~ecobites-444,"""logs"", ""jvvF4fJUndzl7kddQ0ON""",logs,jvvF4fJUndzl7kddQ0ON,,,FALSE
,,,Home page loaded in 16291ms,5/11/2024 0:00:21,,s~ecobites-444,"""logs"", ""jy4NSiYyKo1t0iq3Nz4X""",logs,jy4NSiYyKo1t0iq3Nz4X,,,FALSE
,,,Home page loaded in 31298ms,2/11/2024 20:58:14,,s~ecobites-444,"""logs"", ""kHgh7Yrr2mQgEg2wayWg""",logs,kHgh7Yrr2mQgEg2wayWg,,,FALSE
,,,Home page loaded in 24032ms,4/11/2024 21:56:07,,s~ecobites-444,"""logs"", ""kqgxU8jV0oviahAe87IL""",logs,kqgxU8jV0oviahAe87IL,,,FALSE
,,,Home page loaded in 19743ms,5/11/2024 0:00:21,,s~ecobites-444,"""logs"", ""krAEbyVPgr9ZLQg6as4S""",logs,krAEbyVPgr9ZLQg6as4S,,,FALSE
,,,Home page loaded in 340549ms,5/11/2024 1:23:24,,s~ecobites-444,"""logs"", ""kwSD1FAO6CEKPJHL9ZuS""",logs,kwSD1FAO6CEKPJHL9ZuS,,,FALSE
,,,Home page loaded in 77468ms,4/11/2024 20:48:10,,s~ecobites-444,"""logs"", ""kxbPUb45EmLjxCsijNxv""",logs,kxbPUb45EmLjxCsijNxv,,,FALSE
,,,Main page loaded in 3263ms (Unauthenticated),4/11/2024 18:34:41,,s~ecobites-444,"""logs"", ""l46dn5r8bueg1GNCFT5v""",logs,l46dn5r8bueg1GNCFT5v,,,FALSE
,,,Home page loaded in 5851ms,5/11/2024 0:10:35,,s~ecobites-444,"""logs"", ""lCHwqsfIFwDObNRH74db""",logs,lCHwqsfIFwDObNRH74db,,,FALSE
,,,Home page loaded in 414150ms,4/11/2024 22:17:44,,s~ecobites-444,"""logs"", ""lRs35Yqvbr9zhX7wgEvW""",logs,lRs35Yqvbr9zhX7wgEvW,,,FALSE
,,,Home page loaded in 28639ms,4/11/2024 19:38:04,,s~ecobites-444,"""logs"", ""ldMBGS9BgqWbcIXaANwS""",logs,ldMBGS9BgqWbcIXaANwS,,,FALSE
,,,Home page loaded in 11831ms,4/11/2024 21:44:46,,s~ecobites-444,"""logs"", ""liVL1ls5rOD5umvQuKBc""",logs,liVL1ls5rOD5umvQuKBc,,,FALSE
,,,Home page loaded in 31105ms,4/11/2024 15:35:12,,s~ecobites-444,"""logs"", ""lj1B17J4LZzPUiGdqh5k""",logs,lj1B17J4LZzPUiGdqh5k,,,FALSE
,,,Home page loaded in 209351ms,4/11/2024 20:50:22,,s~ecobites-444,"""logs"", ""mUHQnonpbws41zMAsGrl""",logs,mUHQnonpbws41zMAsGrl,,,FALSE
,,,Home page loaded in 16573ms,4/11/2024 22:11:06,,s~ecobites-444,"""logs"", ""mlMa0xwMym4KRRGXvFwF""",logs,mlMa0xwMym4KRRGXvFwF,,,FALSE
,,,Main page loaded in 2303ms (Unauthenticated),4/11/2024 1:27:27,,s~ecobites-444,"""logs"", ""nBIWmm3jncv2glrxyOCX""",logs,nBIWmm3jncv2glrxyOCX,,,FALSE
,,,Home page loaded in 18972ms,4/11/2024 20:36:52,,s~ecobites-444,"""logs"", ""nDJm6jFpOQLrZioG8QBk""",logs,nDJm6jFpOQLrZioG8QBk,,,FALSE
,,,Main page loaded in 5266ms (Unauthenticated),4/11/2024 20:21:25,,s~ecobites-444,"""logs"", ""nQcTMNyJi4q37aMH318L""",logs,nQcTMNyJi4q37aMH318L,,,FALSE
,,,Home page loaded in 927066ms,4/11/2024 22:59:29,,s~ecobites-444,"""logs"", ""nR8yVCCMBz24L2zq4tCP""",logs,nR8yVCCMBz24L2zq4tCP,,,FALSE
,,,Home page loaded in 75309ms,5/11/2024 1:18:59,,s~ecobites-444,"""logs"", ""nRUBBSfWT5PR18rQM1ce""",logs,nRUBBSfWT5PR18rQM1ce,,,FALSE
,,,Home page loaded in 1975617ms,4/11/2024 21:47:09,,s~ecobites-444,"""logs"", ""niLFW26KJGocp7UzhSkx""",logs,niLFW26KJGocp7UzhSkx,,,FALSE
,,,Main page loaded in 1797ms (Unauthenticated),2/11/2024 21:26:44,,s~ecobites-444,"""logs"", ""nrUXuAQivTcmfd94XJUm""",logs,nrUXuAQivTcmfd94XJUm,,,FALSE
,,,Home page loaded in 397344ms,4/11/2024 22:17:27,,s~ecobites-444,"""logs"", ""nyarXfzr9B0mWNpI5UzP""",logs,nyarXfzr9B0mWNpI5UzP,,,FALSE
,,,Home page loaded in 2847ms,4/11/2024 22:03:39,,s~ecobites-444,"""logs"", ""o4VHyxhdhPlQesHHCOgG""",logs,o4VHyxhdhPlQesHHCOgG,,,FALSE
,,,Home page loaded in 1914476ms,4/11/2024 23:16:19,,s~ecobites-444,"""logs"", ""o7QDcR5DQbx8sjsO5462""",logs,o7QDcR5DQbx8sjsO5462,,,FALSE
,,,Home page loaded in 4768ms,5/11/2024 0:52:10,,s~ecobites-444,"""logs"", ""oSqYlnkR5LK3lO60Bk5Z""",logs,oSqYlnkR5LK3lO60Bk5Z,,,FALSE
,,,Home page loaded in 27888ms,4/11/2024 23:49:11,,s~ecobites-444,"""logs"", ""ojmPLlFj3YdBp6QE4mg6""",logs,ojmPLlFj3YdBp6QE4mg6,,,FALSE
,,,Home page loaded in 1818133ms,4/11/2024 23:14:20,,s~ecobites-444,"""logs"", ""pKolT37I0MWKtujVYpyU""",logs,pKolT37I0MWKtujVYpyU,,,FALSE
,,,Home page loaded in 6054ms,5/11/2024 2:05:10,,s~ecobites-444,"""logs"", ""pPDN6doH9ae8cFYdf8Q7""",logs,pPDN6doH9ae8cFYdf8Q7,,,FALSE
,,,Home page loaded in 204451ms,4/11/2024 20:50:17,,s~ecobites-444,"""logs"", ""pRBejgEzWk5RHPe1MZni""",logs,pRBejgEzWk5RHPe1MZni,,,FALSE
,,,Main page loaded in 2542ms (Unauthenticated),4/11/2024 22:47:31,,s~ecobites-444,"""logs"", ""pbFFRMfks1OvEBPMXEQs""",logs,pbFFRMfks1OvEBPMXEQs,,,FALSE
,,,Home page loaded in 9245ms,2/11/2024 21:34:36,,s~ecobites-444,"""logs"", ""pgdYzSbPc6efCwjArjXV""",logs,pgdYzSbPc6efCwjArjXV,,,FALSE
,,,Home page loaded in 6850ms,2/11/2024 21:32:29,,s~ecobites-444,"""logs"", ""q1B4Sx7zGfHmRBQLPH49""",logs,q1B4Sx7zGfHmRBQLPH49,,,FALSE
,,,Home page loaded in 2728ms,4/11/2024 23:44:39,,s~ecobites-444,"""logs"", ""qArwbzPdC8Z3SE50BttT""",logs,qArwbzPdC8Z3SE50BttT,,,FALSE
,,,Home page loaded in 4624ms,5/11/2024 1:17:48,,s~ecobites-444,"""logs"", ""qBkTwxCth1PA81DHMODM""",logs,qBkTwxCth1PA81DHMODM,,,FALSE
,,,Home page loaded in 364187ms,5/11/2024 1:23:48,,s~ecobites-444,"""logs"", ""qF01DOmPZW6cww1Cx0A5""",logs,qF01DOmPZW6cww1Cx0A5,,,FALSE
,,,Main page loaded in 2044ms (Unauthenticated),4/11/2024 0:32:04,,s~ecobites-444,"""logs"", ""qv6UXBmrwgDykey6A2af""",logs,qv6UXBmrwgDykey6A2af,,,FALSE
,,,Home page loaded in 10173680ms,4/11/2024 18:24:15,,s~ecobites-444,"""logs"", ""r0yGCQg0y5WDqbMvfeHs""",logs,r0yGCQg0y5WDqbMvfeHs,,,FALSE
,,,Home page loaded in 8702225ms,4/11/2024 18:00:01,,s~ecobites-444,"""logs"", ""r708AXtI21fIosn7889q""",logs,r708AXtI21fIosn7889q,,,FALSE
,,,Home page loaded in 65899ms,4/11/2024 23:49:49,,s~ecobites-444,"""logs"", ""rGa36SZb4pi83SsdYd9R""",logs,rGa36SZb4pi83SsdYd9R,,,FALSE
,,,Home page loaded in 16094ms,4/11/2024 21:09:03,,s~ecobites-444,"""logs"", ""rHjucOcnrvg8a1sL7nOW""",logs,rHjucOcnrvg8a1sL7nOW,,,FALSE
,,,Home page loaded in 297215ms,5/11/2024 1:22:41,,s~ecobites-444,"""logs"", ""radoE8SQBDcF0vtpPoJV""",logs,radoE8SQBDcF0vtpPoJV,,,FALSE
,,,Home page loaded in 21100ms,4/11/2024 21:36:46,,s~ecobites-444,"""logs"", ""rcOBYODEdiZiZhAtPGJ7""",logs,rcOBYODEdiZiZhAtPGJ7,,,FALSE
,,,Home page loaded in 2689ms,4/11/2024 23:37:21,,s~ecobites-444,"""logs"", ""rchRDa9B8GZGkgNhvAzd""",logs,rchRDa9B8GZGkgNhvAzd,,,FALSE
,,,Home page loaded in 54744ms,5/11/2024 1:56:14,,s~ecobites-444,"""logs"", ""s0ArY4Jtg4iHMrSGW20X""",logs,s0ArY4Jtg4iHMrSGW20X,,,FALSE
,,,Home page loaded in 100641ms,4/11/2024 22:17:55,,s~ecobites-444,"""logs"", ""sN6sOfONkJWcFupagtd9""",logs,sN6sOfONkJWcFupagtd9,,,FALSE
,,,Home page loaded in 360798ms,4/11/2024 22:50:03,,s~ecobites-444,"""logs"", ""sPcMbbvf92VNgZFAXuGf""",logs,sPcMbbvf92VNgZFAXuGf,,,FALSE
,,,Home page loaded in 17755ms,4/11/2024 22:19:29,,s~ecobites-444,"""logs"", ""sQgHckC1bjyCmQjcW48q""",logs,sQgHckC1bjyCmQjcW48q,,,FALSE
,,,Home page loaded in 154479ms,4/11/2024 20:12:05,,s~ecobites-444,"""logs"", ""sRBss1leeSYkDM3QBRzI""",logs,sRBss1leeSYkDM3QBRzI,,,FALSE
,,,Home page loaded in 37828ms,5/11/2024 1:27:26,,s~ecobites-444,"""logs"", ""sh9gK4U5M4ad6g98MEGZ""",logs,sh9gK4U5M4ad6g98MEGZ,,,FALSE
,,,Home page loaded in 5605ms,5/11/2024 2:01:42,,s~ecobites-444,"""logs"", ""swdTrXkSxcbQgr0GgTp1""",logs,swdTrXkSxcbQgr0GgTp1,,,FALSE
,,,Home page loaded in 14176ms,4/11/2024 22:44:16,,s~ecobites-444,"""logs"", ""t5ESJ4zNqTcH8yIvwoCw""",logs,t5ESJ4zNqTcH8yIvwoCw,,,FALSE
,,,Home page loaded in 38465ms,4/11/2024 1:28:01,,s~ecobites-444,"""logs"", ""tDFydtashNFcFV9KqdtF""",logs,tDFydtashNFcFV9KqdtF,,,FALSE
,,,Home page loaded in 40768ms,5/11/2024 1:27:29,,s~ecobites-444,"""logs"", ""tHMajASkCME6mmGtdXLz""",logs,tHMajASkCME6mmGtdXLz,,,FALSE
,,,Main page loaded in 5612ms (Unauthenticated),4/11/2024 20:31:16,,s~ecobites-444,"""logs"", ""tHW5ug34mCo4N2Ap9Ept""",logs,tHW5ug34mCo4N2Ap9Ept,,,FALSE
,,,Home page loaded in 565066ms,4/11/2024 23:58:09,,s~ecobites-444,"""logs"", ""tK2Yriytm1Ny3lVwFBpC""",logs,tK2Yriytm1Ny3lVwFBpC,,,FALSE
,,,Home page loaded in 386195ms,4/11/2024 22:17:16,,s~ecobites-444,"""logs"", ""tnlkLLmLBR6dLjQD1ZB2""",logs,tnlkLLmLBR6dLjQD1ZB2,,,FALSE
,,,Home page loaded in 28663ms,4/11/2024 21:13:34,,s~ecobites-444,"""logs"", ""tsS8FuybU7XOD2oX7Mib""",logs,tsS8FuybU7XOD2oX7Mib,,,FALSE
,,,Home page loaded in 5543ms,4/11/2024 23:42:57,,s~ecobites-444,"""logs"", ""uBG0uoCWJ2SP77dyv0uB""",logs,uBG0uoCWJ2SP77dyv0uB,,,FALSE
,,,Main page loaded in 2368ms (Unauthenticated),4/11/2024 1:26:35,,s~ecobites-444,"""logs"", ""uI9YTSGHhm6uijMv0LGt""",logs,uI9YTSGHhm6uijMv0LGt,,,FALSE
,,,Main page loaded in 3505ms (Unauthenticated),4/11/2024 20:31:16,,s~ecobites-444,"""logs"", ""uOh9z91UNjMK3W8QKgUY""",logs,uOh9z91UNjMK3W8QKgUY,,,FALSE
,,,Home page loaded in 109263ms,4/11/2024 20:48:42,,s~ecobites-444,"""logs"", ""uXY2eTfiBf31xpA6WDrQ""",logs,uXY2eTfiBf31xpA6WDrQ,,,FALSE
,,,Home page loaded in 116287ms,3/11/2024 3:34:49,,s~ecobites-444,"""logs"", ""uZXJOyUIGGphdLU2wmoF""",logs,uZXJOyUIGGphdLU2wmoF,,,FALSE
,,,Main page loaded in 2358ms (Unauthenticated),4/11/2024 1:26:35,,s~ecobites-444,"""logs"", ""ufjkevNRX1r9UK2ISS3D""",logs,ufjkevNRX1r9UK2ISS3D,,,FALSE
,,,Home page loaded in 31697ms,4/11/2024 22:11:29,,s~ecobites-444,"""logs"", ""uszxRB4tv1bRSYr9juXc""",logs,uszxRB4tv1bRSYr9juXc,,,FALSE
,,,Home page loaded in 100366ms,4/11/2024 20:48:33,,s~ecobites-444,"""logs"", ""uu1NuW1fMICUwkFRLClN""",logs,uu1NuW1fMICUwkFRLClN,,,FALSE
,,,Home page loaded in 25589ms,4/11/2024 21:11:15,,s~ecobites-444,"""logs"", ""v7Q6C0qn1zC5cGk53I3Z""",logs,v7Q6C0qn1zC5cGk53I3Z,,,FALSE
,,,Home page loaded in 1714212ms,4/11/2024 23:12:36,,s~ecobites-444,"""logs"", ""vDstPvQPkh3v9NGOrUeR""",logs,vDstPvQPkh3v9NGOrUeR,,,FALSE
,,,Main page loaded in 3125ms (Unauthenticated),4/11/2024 0:38:45,,s~ecobites-444,"""logs"", ""vHkVKi7KFfJSb6VtN4Ri""",logs,vHkVKi7KFfJSb6VtN4Ri,,,FALSE
,,,Home page loaded in 86037ms,2/11/2024 20:26:51,,s~ecobites-444,"""logs"", ""vMHZK8C2hyiuY0Z7s6pU""",logs,vMHZK8C2hyiuY0Z7s6pU,,,FALSE
,,,Home page loaded in 54808ms,4/11/2024 21:04:33,,s~ecobites-444,"""logs"", ""vaLLwLK1wWwp20snVGSQ""",logs,vaLLwLK1wWwp20snVGSQ,,,FALSE
,,,Home page loaded in 21604ms,4/11/2024 18:40:27,,s~ecobites-444,"""logs"", ""vcWSahABXNvXwBzUnDV4""",logs,vcWSahABXNvXwBzUnDV4,,,FALSE
,,,Home page loaded in 26375ms,4/11/2024 21:13:32,,s~ecobites-444,"""logs"", ""w5siTQBpK0jIRA6TyupI""",logs,w5siTQBpK0jIRA6TyupI,,,FALSE
,,,Home page loaded in 28292ms,4/11/2024 23:00:05,,s~ecobites-444,"""logs"", ""wBAkBtVPoPCIN8ujy4sV""",logs,wBAkBtVPoPCIN8ujy4sV,,,FALSE
,,,Home page loaded in 35742ms,4/11/2024 0:32:36,,s~ecobites-444,"""logs"", ""wRPZfM3Jydh23v11j0eR""",logs,wRPZfM3Jydh23v11j0eR,,,FALSE
,,,Home page loaded in 373589ms,5/11/2024 1:23:57,,s~ecobites-444,"""logs"", ""wUmLUcotyg2WRVFGU6YG""",logs,wUmLUcotyg2WRVFGU6YG,,,FALSE
,,,Main page loaded in 3297ms (Unauthenticated),4/11/2024 0:14:17,,s~ecobites-444,"""logs"", ""wc2bBxLoO2mpqJzflFe7""",logs,wc2bBxLoO2mpqJzflFe7,,,FALSE
,,,Home page loaded in 18778ms,5/11/2024 0:10:48,,s~ecobites-444,"""logs"", ""woNXwbThUGWrg0tivBpG""",logs,woNXwbThUGWrg0tivBpG,,,FALSE
,,,Home page loaded in 22297ms,4/11/2024 15:35:03,,s~ecobites-444,"""logs"", ""wppzktCPEqPiulattw3E""",logs,wppzktCPEqPiulattw3E,,,FALSE
,,,Home page loaded in 211336ms,4/11/2024 20:13:01,,s~ecobites-444,"""logs"", ""yGioS2zSxACv5VIgFsQG""",logs,yGioS2zSxACv5VIgFsQG,,,FALSE
,,,Home page loaded in 36256ms,4/11/2024 20:54:57,,s~ecobites-444,"""logs"", ""yORrjCDOuoruKgyk88Yo""",logs,yORrjCDOuoruKgyk88Yo,,,FALSE
,,,Home page loaded in 35640ms,5/11/2024 1:27:24,,s~ecobites-444,"""logs"", ""yRjp6L7z8x8gapsXgFTy""",logs,yRjp6L7z8x8gapsXgFTy,,,FALSE
,,,Home page loaded in 48882ms,2/11/2024 21:00:47,,s~ecobites-444,"""logs"", ""yWMO2FjJZz3AUHgF6QWI""",logs,yWMO2FjJZz3AUHgF6QWI,,,FALSE
,,,Main page loaded in 2982ms (Unauthenticated),4/11/2024 20:31:16,,s~ecobites-444,"""logs"", ""ycae1VdgRrdgzVism3eu""",logs,ycae1VdgRrdgzVism3eu,,,FALSE
,,,Home page loaded in 102760ms,4/11/2024 20:48:35,,s~ecobites-444,"""logs"", ""ydESFquAQmwlefIHXxxA""",logs,ydESFquAQmwlefIHXxxA,,,FALSE
,,,Main page loaded in 21474ms (Unauthenticated),4/11/2024 20:56:56,,s~ecobites-444,"""logs"", ""ymvwabfmLAYsxQWqBGni""",logs,ymvwabfmLAYsxQWqBGni,,,FALSE
,,,Home page loaded in 192383ms,4/11/2024 22:14:02,,s~ecobites-444,"""logs"", ""yyqDrdQpzHV0O7krSWvP""",logs,yyqDrdQpzHV0O7krSWvP,,,FALSE
,,,Home page loaded in 4224ms,4/11/2024 21:06:00,,s~ecobites-444,"""logs"", ""z5YM1PZZLVGazlew93kr""",logs,z5YM1PZZLVGazlew93kr,,,FALSE
,,,Home page loaded in 86112ms,4/11/2024 20:10:56,,s~ecobites-444,"""logs"", ""zDZFa5ct7mLO5jZ7MijI""",logs,zDZFa5ct7mLO5jZ7MijI,,,FALSE
,,,Home page loaded in 78153ms,4/11/2024 20:24:52,,s~ecobites-444,"""logs"", ""zImqvZ5xIu12vGYWvei3""",logs,zImqvZ5xIu12vGYWvei3,,,FALSE
,,,Home page loaded in 158135ms,4/11/2024 22:18:52,,s~ecobites-444,"""logs"", ""zXiKIgkK65kqGy5bEWBF""",logs,zXiKIgkK65kqGy5bEWBF,,,FALSE
,,,Home page loaded in 78123ms,4/11/2024 20:24:52,,s~ecobites-444,"""logs"", ""zsCyPAnhyY72xaLGJTlr""",logs,zsCyPAnhyY72xaLGJTlr,,,FALSE
,,,Main page loaded in 3714ms (Unauthenticated),4/11/2024 18:40:11,,s~ecobites-444,"""logs"", ""zwWrHiq0SYNyXPVGRrDM""",logs,zwWrHiq0SYNyXPVGRrDM,,,FALSE
,,,Home page loaded in 378291ms,5/11/2024 1:24:02,,s~ecobites-444,"""logs"", ""zzXxbCq3avoGvGVhxRLi""",logs,zzXxbCq3avoGvGVhxRLi,,,FALSE
2425,FALSE,,,5/11/2024 0:20:29,,s~ecobites-444,"""logs"", ""5dwTVzJF6s5PzU4JCd70""",logs,5dwTVzJF6s5PzU4JCd70,,,FALSE
1597,FALSE,,,4/11/2024 21:03:41,,s~ecobites-444,"""logs"", ""9BqznuL08vxU9824I73p""",logs,9BqznuL08vxU9824I73p,,,FALSE
1240,FALSE,,,4/11/2024 21:44:36,,s~ecobites-444,"""logs"", ""9UObBJdbl3lYjOCWvRHe""",logs,9UObBJdbl3lYjOCWvRHe,,,FALSE
3326,FALSE,,,3/11/2024 23:51:40,,s~ecobites-444,"""logs"", ""CMhjsQIMWYBYDxC5ausX""",logs,CMhjsQIMWYBYDxC5ausX,,,FALSE
1893,FALSE,,,4/11/2024 20:47:38,,s~ecobites-444,"""logs"", ""J7Cpzk0e6ed1DWafcM5J""",logs,J7Cpzk0e6ed1DWafcM5J,,,FALSE
1108,FALSE,,,4/11/2024 21:13:07,,s~ecobites-444,"""logs"", ""JAzIJlCem064ylGrYjDQ""",logs,JAzIJlCem064ylGrYjDQ,,,FALSE
3362,FALSE,,,2/11/2024 20:25:30,,s~ecobites-444,"""logs"", ""N3SBRDNPbNehTLTZqeGa""",logs,N3SBRDNPbNehTLTZqeGa,,,FALSE
1146,FALSE,,,4/11/2024 21:36:26,,s~ecobites-444,"""logs"", ""Q9mZ0TdtPIWCftvPM3hU""",logs,Q9mZ0TdtPIWCftvPM3hU,,,FALSE
1774,FALSE,,,4/11/2024 20:24:04,,s~ecobites-444,"""logs"", ""RRcde2yH6XevZnTfflSU""",logs,RRcde2yH6XevZnTfflSU,,,FALSE
6645,FALSE,,,4/11/2024 19:50:24,,s~ecobites-444,"""logs"", ""UopAPunXGMtO4pF27sHW""",logs,UopAPunXGMtO4pF27sHW,,,FALSE
5256,FALSE,,,2/11/2024 20:57:50,,s~ecobites-444,"""logs"", ""YdAY7ROE1oT1rqQRV7Ga""",logs,YdAY7ROE1oT1rqQRV7Ga,,,FALSE
1647,FALSE,,,4/11/2024 21:35:36,,s~ecobites-444,"""logs"", ""brDhCdhQMchG4ZUO9txR""",logs,brDhCdhQMchG4ZUO9txR,,,FALSE
2145,FALSE,,,4/11/2024 0:12:14,,s~ecobites-444,"""logs"", ""cC9uV5uzb8TIhfleL68v""",logs,cC9uV5uzb8TIhfleL68v,,,FALSE
5765,FALSE,,,4/11/2024 20:23:42,,s~ecobites-444,"""logs"", ""dogpaABgWQLlEyUUtHqv""",logs,dogpaABgWQLlEyUUtHqv,,,FALSE
6870,FALSE,,,2/11/2024 20:24:21,,s~ecobites-444,"""logs"", ""eIIutOPtzxpPJ8LaVJFF""",logs,eIIutOPtzxpPJ8LaVJFF,,,FALSE
9239,FALSE,,,2/11/2024 21:00:12,,s~ecobites-444,"""logs"", ""fbmfSneQsSQRwCEIkqUA""",logs,fbmfSneQsSQRwCEIkqUA,,,FALSE
1996,FALSE,,,4/11/2024 19:37:38,,s~ecobites-444,"""logs"", ""jK8CD8Mr7sTMPyZi923e""",logs,jK8CD8Mr7sTMPyZi923e,,,FALSE
1156,FALSE,,,4/11/2024 21:38:16,,s~ecobites-444,"""logs"", ""jPUvzyt78JUh5QeNaRRb""",logs,jPUvzyt78JUh5QeNaRRb,,,FALSE
1909,FALSE,,,4/11/2024 20:27:40,,s~ecobites-444,"""logs"", ""kkF8WkOSLWRebxknXknH""",logs,kkF8WkOSLWRebxknXknH,,,FALSE
1459,FALSE,,,4/11/2024 20:09:32,,s~ecobites-444,"""logs"", ""mRRwMIj3A8i4JH1YRPDe""",logs,mRRwMIj3A8i4JH1YRPDe,,,FALSE
106,FALSE,,,4/11/2024 21:55:44,,s~ecobites-444,"""logs"", ""os9B9IYtffjM20uBXo56""",logs,os9B9IYtffjM20uBXo56,,,FALSE
1817,FALSE,,,4/11/2024 20:15:38,,s~ecobites-444,"""logs"", ""qwHb5KcfYcbUtqa52Cov""",logs,qwHb5KcfYcbUtqa52Cov,,,FALSE
8702,FALSE,,,4/11/2024 20:47:03,,s~ecobites-444,"""logs"", ""qy06NV5igbdYXW8ogKb6""",logs,qy06NV5igbdYXW8ogKb6,,,FALSE
5253,FALSE,,,3/11/2024 3:08:06,,s~ecobites-444,"""logs"", ""rHllUnpblalXt52qHpdh""",logs,rHllUnpblalXt52qHpdh,,,FALSE
1842,TRUE,,,4/11/2024 22:00:46,,s~ecobites-444,"""logs"", ""4b6GYACQdEjgAi1BDxlg""",logs,4b6GYACQdEjgAi1BDxlg,,,FALSE
1122,TRUE,,,4/11/2024 22:03:38,,s~ecobites-444,"""logs"", ""7EX9KxK5CFTfgqLAnWQT""",logs,7EX9KxK5CFTfgqLAnWQT,,,FALSE
1293,TRUE,,,4/11/2024 22:02:28,,s~ecobites-444,"""logs"", ""AE638oDhwuTd7qtnydIK""",logs,AE638oDhwuTd7qtnydIK,,,FALSE
1197,TRUE,,,4/11/2024 22:44:04,,s~ecobites-444,"""logs"", ""BhB3uE9QBSfq11eqUEGs""",logs,BhB3uE9QBSfq11eqUEGs,,,FALSE
2527,TRUE,,,5/11/2024 0:10:34,,s~ecobites-444,"""logs"", ""BzHsc1ECJng0alb5p2UM""",logs,BzHsc1ECJng0alb5p2UM,,,FALSE
1158,TRUE,,,4/11/2024 22:10:52,,s~ecobites-444,"""logs"", ""DmBmhR0OJDyZcE2gT93U""",logs,DmBmhR0OJDyZcE2gT93U,,,FALSE
1642,TRUE,,,4/11/2024 22:05:54,,s~ecobites-444,"""logs"", ""DmUZ9cFo5BPqsAgveSVS""",logs,DmUZ9cFo5BPqsAgveSVS,,,FALSE
1742,TRUE,,,4/11/2024 20:54:23,,s~ecobites-444,"""logs"", ""HG8C5dzkbq4AgRYsxe7W""",logs,HG8C5dzkbq4AgRYsxe7W,,,FALSE
2257,TRUE,,,5/11/2024 1:17:47,,s~ecobites-444,"""logs"", ""I61tUc9iQGG5SdxCUK2x""",logs,I61tUc9iQGG5SdxCUK2x,,,FALSE
2135,TRUE,,,4/11/2024 23:01:01,,s~ecobites-444,"""logs"", ""IF1HX5kdmbR0Dh3XwOEt""",logs,IF1HX5kdmbR0Dh3XwOEt,,,FALSE
2381,TRUE,,,4/11/2024 23:48:47,,s~ecobites-444,"""logs"", ""IXfwOfZGeXjNEWNCcWOm""",logs,IXfwOfZGeXjNEWNCcWOm,,,FALSE
3104,TRUE,,,4/11/2024 23:42:56,,s~ecobites-444,"""logs"", ""InGMysWW93cRrdbdJKYN""",logs,InGMysWW93cRrdbdJKYN,,,FALSE
1713,TRUE,,,4/11/2024 23:59:57,,s~ecobites-444,"""logs"", ""IvUg7TQZFIG0ZZMY4pWF""",logs,IvUg7TQZFIG0ZZMY4pWF,,,FALSE
1752,TRUE,,,4/11/2024 23:37:21,,s~ecobites-444,"""logs"", ""IyBNP7ZkK9CTR3meJenP""",logs,IyBNP7ZkK9CTR3meJenP,,,FALSE
1150,TRUE,,,4/11/2024 21:10:51,,s~ecobites-444,"""logs"", ""QX5dM4xqgcP7yuzz88ko""",logs,QX5dM4xqgcP7yuzz88ko,,,FALSE
1533,TRUE,,,4/11/2024 21:05:58,,s~ecobites-444,"""logs"", ""VmuiMLI9pLgtYwZ1m14o""",logs,VmuiMLI9pLgtYwZ1m14o,,,FALSE
3192,TRUE,,,4/11/2024 22:59:42,,s~ecobites-444,"""logs"", ""ZATXP9pUrrg54GVa0rLm""",logs,ZATXP9pUrrg54GVa0rLm,,,FALSE
2943,TRUE,,,5/11/2024 2:05:09,,s~ecobites-444,"""logs"", ""ZLpFysSjE7p17p8mbbn7""",logs,ZLpFysSjE7p17p8mbbn7,,,FALSE
1739,TRUE,,,5/11/2024 1:26:51,,s~ecobites-444,"""logs"", ""dYrDvLnRLbPW71PhQ9Qf""",logs,dYrDvLnRLbPW71PhQ9Qf,,,FALSE
81,TRUE,,,4/11/2024 21:56:18,,s~ecobites-444,"""logs"", ""dZKBlvkuOTK1vsR8c5W5""",logs,dZKBlvkuOTK1vsR8c5W5,,,FALSE
2446,TRUE,,,5/11/2024 2:01:41,,s~ecobites-444,"""logs"", ""gPgS9qaRRmApd984i0o3""",logs,gPgS9qaRRmApd984i0o3,,,FALSE
4105,TRUE,,,5/11/2024 0:22:34,,s~ecobites-444,"""logs"", ""i8lT4rmWXjhhRehZrkmG""",logs,i8lT4rmWXjhhRehZrkmG,,,FALSE
2119,TRUE,,,4/11/2024 23:16:19,,s~ecobites-444,"""logs"", ""lYdwdGbdMT7bRV0Hb5RK""",logs,lYdwdGbdMT7bRV0Hb5RK,,,FALSE
2331,TRUE,,,5/11/2024 0:52:08,,s~ecobites-444,"""logs"", ""mNt2G27DlklT2py1FERQ""",logs,mNt2G27DlklT2py1FERQ,,,FALSE
2999,TRUE,,,5/11/2024 2:06:41,,s~ecobites-444,"""logs"", ""mOzCNHpsB6kWi1WmmxC4""",logs,mOzCNHpsB6kWi1WmmxC4,,,FALSE
3973,TRUE,,,5/11/2024 1:55:26,,s~ecobites-444,"""logs"", ""nxYrxQPAvATLa4XhI4PT""",logs,nxYrxQPAvATLa4XhI4PT,,,FALSE
5312,TRUE,,,5/11/2024 1:13:07,,s~ecobites-444,"""logs"", ""yKlohWRyOZpP1fJ3xwrr""",logs,yKlohWRyOZpP1fJ3xwrr,,,FALSE
817,FALSE,splash_screen,,5/11/2024 4:45:41,,s~ecobites-444,"""logs"", ""7PaqA6Hujs4XsBSq6Zc1""",logs,7PaqA6Hujs4XsBSq6Zc1,,,FALSE
640,FALSE,splash_screen,,5/11/2024 1:45:24,,s~ecobites-444,"""logs"", ""WftvZZMVRkCM9lk58lI9""",logs,WftvZZMVRkCM9lk58lI9,,,FALSE
4322,FALSE,splash_screen,,5/11/2024 2:30:52,,s~ecobites-444,"""logs"", ""g1dpldZNIuiw3HE4mg1f""",logs,g1dpldZNIuiw3HE4mg1f,,,FALSE
655,FALSE,splash_screen,,5/11/2024 4:06:41,,s~ecobites-444,"""logs"", ""o3wm3DW9i6vDAjX7Pfqq""",logs,o3wm3DW9i6vDAjX7Pfqq,,,FALSE
1692,TRUE,splash_screen,,5/11/2024 4:30:58,,s~ecobites-444,"""logs"", ""2CsUocubR6kcDBysJ17V""",logs,2CsUocubR6kcDBysJ17V,,,FALSE
2226,TRUE,splash_screen,,13/11/2024 17:48:56,,s~ecobites-444,"""logs"", ""2Z7HnBxgKEwWhtKiAdcN""",logs,2Z7HnBxgKEwWhtKiAdcN,,,FALSE
2086,TRUE,splash_screen,,5/11/2024 3:49:06,,s~ecobites-444,"""logs"", ""5Hl16t98m9DinGR8DCI6""",logs,5Hl16t98m9DinGR8DCI6,,,FALSE
2184,TRUE,splash_screen,,5/11/2024 4:31:57,,s~ecobites-444,"""logs"", ""DauuAL8kYeOvhsr60Sld""",logs,DauuAL8kYeOvhsr60Sld,,,FALSE
2082,TRUE,splash_screen,,5/11/2024 4:31:40,,s~ecobites-444,"""logs"", ""E8fIODb2V85eTbuj0ejT""",logs,E8fIODb2V85eTbuj0ejT,,,FALSE
1792,TRUE,splash_screen,,5/11/2024 3:46:41,,s~ecobites-444,"""logs"", ""I4XfLHZcGLYBdZG4hYhF""",logs,I4XfLHZcGLYBdZG4hYhF,,,FALSE
2712,TRUE,splash_screen,,5/11/2024 3:47:37,,s~ecobites-444,"""logs"", ""Jm3ouZ47LQE01gv070b6""",logs,Jm3ouZ47LQE01gv070b6,,,FALSE
2295,TRUE,splash_screen,,13/11/2024 17:54:34,,s~ecobites-444,"""logs"", ""LNBnJ9iSwI4UQM9lgtKS""",logs,LNBnJ9iSwI4UQM9lgtKS,,,FALSE
5487,TRUE,splash_screen,,5/11/2024 2:11:23,,s~ecobites-444,"""logs"", ""ON17V9k2qCT0InKOoSkd""",logs,ON17V9k2qCT0InKOoSkd,,,FALSE
2320,TRUE,splash_screen,,5/11/2024 3:03:40,,s~ecobites-444,"""logs"", ""OQbphxngppGPfo4ohQEW""",logs,OQbphxngppGPfo4ohQEW,,,FALSE
5423,TRUE,splash_screen,,5/11/2024 2:54:11,,s~ecobites-444,"""logs"", ""P7QhoID3rHDI2dEB8ANy""",logs,P7QhoID3rHDI2dEB8ANy,,,FALSE
1790,TRUE,splash_screen,,5/11/2024 3:45:41,,s~ecobites-444,"""logs"", ""QISzLUnwzaOeXQg2mrIK""",logs,QISzLUnwzaOeXQg2mrIK,,,FALSE
1683,TRUE,splash_screen,,5/11/2024 3:12:10,,s~ecobites-444,"""logs"", ""QJDzcksElj7VpsmGB4dt""",logs,QJDzcksElj7VpsmGB4dt,,,FALSE
11954,TRUE,splash_screen,,13/11/2024 17:34:06,,s~ecobites-444,"""logs"", ""SQZNcyeaNJl1SQkZs2lZ""",logs,SQZNcyeaNJl1SQkZs2lZ,,,FALSE
4958,TRUE,splash_screen,,5/11/2024 2:29:47,,s~ecobites-444,"""logs"", ""SZ7BcLswsYSCqfWZcyeE""",logs,SZ7BcLswsYSCqfWZcyeE,,,FALSE
2523,TRUE,splash_screen,,5/11/2024 4:22:32,,s~ecobites-444,"""logs"", ""Uf6USRePX1OyIYMSgan4""",logs,Uf6USRePX1OyIYMSgan4,,,FALSE
4307,TRUE,splash_screen,,5/11/2024 4:23:51,,s~ecobites-444,"""logs"", ""WLIjJG1qUcLADxFO6ZAD""",logs,WLIjJG1qUcLADxFO6ZAD,,,FALSE
668,TRUE,splash_screen,,11/11/2024 15:02:36,,s~ecobites-444,"""logs"", ""XtLZ6JZ8n4JBzCV4WKmm""",logs,XtLZ6JZ8n4JBzCV4WKmm,,,FALSE
6307,TRUE,splash_screen,,5/11/2024 2:29:14,,s~ecobites-444,"""logs"", ""Xxhu2gtuEjdR5dvfrDZ3""",logs,Xxhu2gtuEjdR5dvfrDZ3,,,FALSE
2459,TRUE,splash_screen,,5/11/2024 0:47:46,,s~ecobites-444,"""logs"", ""Zgvn9yVMhaJ2tSUJF4tK""",logs,Zgvn9yVMhaJ2tSUJF4tK,,,FALSE
2196,TRUE,splash_screen,,13/11/2024 17:31:11,,s~ecobites-444,"""logs"", ""bAzHmnmlHJnL2KJ978Ta""",logs,bAzHmnmlHJnL2KJ978Ta,,,FALSE
2083,TRUE,splash_screen,,13/11/2024 17:35:51,,s~ecobites-444,"""logs"", ""dFWH0jsL6fw2ENoSlhTv""",logs,dFWH0jsL6fw2ENoSlhTv,,,FALSE
4932,TRUE,splash_screen,,5/11/2024 2:30:21,,s~ecobites-444,"""logs"", ""eFdSEJnFi8v1q3VYtQFG""",logs,eFdSEJnFi8v1q3VYtQFG,,,FALSE
6495,TRUE,splash_screen,,5/11/2024 1:43:16,,s~ecobites-444,"""logs"", ""gdjVTebtKNnFNjE3zx87""",logs,gdjVTebtKNnFNjE3zx87,,,FALSE
1873,TRUE,splash_screen,,5/11/2024 3:06:49,,s~ecobites-444,"""logs"", ""h6hvENyU3IBtbmaOvAcE""",logs,h6hvENyU3IBtbmaOvAcE,,,FALSE
2166,TRUE,splash_screen,,8/11/2024 16:16:29,,s~ecobites-444,"""logs"", ""hFnLJiiP88oq4a9qwbUQ""",logs,hFnLJiiP88oq4a9qwbUQ,,,FALSE
2479,TRUE,splash_screen,,5/11/2024 1:34:20,,s~ecobites-444,"""logs"", ""m03bU3dPmr8rqS4xoX6T""",logs,m03bU3dPmr8rqS4xoX6T,,,FALSE
2235,TRUE,splash_screen,,13/11/2024 17:43:18,,s~ecobites-444,"""logs"", ""p8hdm3SIXXYeLsfge26r""",logs,p8hdm3SIXXYeLsfge26r,,,FALSE
3037,TRUE,splash_screen,,13/11/2024 17:41:28,,s~ecobites-444,"""logs"", ""pQzAdMhux2wmH5w83dkr""",logs,pQzAdMhux2wmH5w83dkr,,,FALSE
1792,TRUE,splash_screen,,5/11/2024 3:04:21,,s~ecobites-444,"""logs"", ""phgdIW3S5fxP7rmWjBo9""",logs,phgdIW3S5fxP7rmWjBo9,,,FALSE
2355,TRUE,splash_screen,,13/11/2024 17:43:15,,s~ecobites-444,"""logs"", ""qE9J2Vj42dUGWLC05vNP""",logs,qE9J2Vj42dUGWLC05vNP,,,FALSE
1823,TRUE,splash_screen,,5/11/2024 3:24:29,,s~ecobites-444,"""logs"", ""qJqq8DewNCoBity8OqJa""",logs,qJqq8DewNCoBity8OqJa,,,FALSE
2287,TRUE,splash_screen,,13/11/2024 18:16:52,,s~ecobites-444,"""logs"", ""rEKYaBftiwWb3j0vmQtm""",logs,rEKYaBftiwWb3j0vmQtm,,,FALSE
1710,TRUE,splash_screen,,5/11/2024 3:24:08,,s~ecobites-444,"""logs"", ""shuDmZTjxRvF4NQiV5Sn""",logs,shuDmZTjxRvF4NQiV5Sn,,,FALSE
3786,TRUE,splash_screen,,5/11/2024 2:41:09,,s~ecobites-444,"""logs"", ""sjYDf4r92GVkVEBRQ5RF""",logs,sjYDf4r92GVkVEBRQ5RF,,,FALSE
7099,TRUE,splash_screen,,5/11/2024 4:22:44,,s~ecobites-444,"""logs"", ""taeONxauJklid7ANkBJW""",logs,taeONxauJklid7ANkBJW,,,FALSE
2225,TRUE,splash_screen,,13/11/2024 18:10:39,,s~ecobites-444,"""logs"", ""uibT5KQjal7OJ4HUwxJy""",logs,uibT5KQjal7OJ4HUwxJy,,,FALSE
2627,TRUE,splash_screen,,5/11/2024 2:20:08,,s~ecobites-444,"""logs"", ""vkUYIH6vLfshUeY2yepu""",logs,vkUYIH6vLfshUeY2yepu,,,FALSE
4348,TRUE,splash_screen,,5/11/2024 1:46:07,,s~ecobites-444,"""logs"", ""vwO6dMLYxWxkl2PlRgjK""",logs,vwO6dMLYxWxkl2PlRgjK,,,FALSE
1804,TRUE,splash_screen,,5/11/2024 3:51:39,,s~ecobites-444,"""logs"", ""xZDF5ha66QkBQIKTDk4K""",logs,xZDF5ha66QkBQIKTDk4K,,,FALSE
2341,TRUE,splash_screen,,13/11/2024 17:29:30,,s~ecobites-444,"""logs"", ""zQVfbWVVA1taPjgGvtop""",logs,zQVfbWVVA1taPjgGvtop,,,FALSE
125279,,homePageLoaded,,2/11/2024 17:57:15,,s~ecobites-444,"""logs"", ""BO0da7DVIqDcobBvBpcv""",logs,BO0da7DVIqDcobBvBpcv,,,FALSE
342662,,homePageLoaded,,3/11/2024 3:24:04,,s~ecobites-444,"""logs"", ""DdlfiraECuz2eiBQQo0S""",logs,DdlfiraECuz2eiBQQo0S,,,FALSE
297239,,homePageLoaded,,3/11/2024 3:23:18,,s~ecobites-444,"""logs"", ""I471BA8slPdbO6esqZwa""",logs,I471BA8slPdbO6esqZwa,,,FALSE
611709,,homePageLoaded,,4/11/2024 3:35:08,,s~ecobites-444,"""logs"", ""NNSkSSFEXNJTn7F33nqc""",logs,NNSkSSFEXNJTn7F33nqc,,,FALSE
567681,,homePageLoaded,,4/11/2024 3:34:24,,s~ecobites-444,"""logs"", ""YKUfD117wdlRTCxgOnWn""",logs,YKUfD117wdlRTCxgOnWn,,,FALSE
608492,,homePageLoaded,,4/11/2024 3:35:05,,s~ecobites-444,"""logs"", ""e88Uu2v0cf3sXMo2WBKM""",logs,e88Uu2v0cf3sXMo2WBKM,,,FALSE
58152,,homePageLoaded,,2/11/2024 17:56:09,,s~ecobites-444,"""logs"", ""ieftGW1P5QlNCwi3emQl""",logs,ieftGW1P5QlNCwi3emQl,,,FALSE
513340,,homePageLoaded,,3/11/2024 3:26:54,,s~ecobites-444,"""logs"", ""p8M05Lrv7pEb8rkL0RxK""",logs,p8M05Lrv7pEb8rkL0RxK,,,FALSE
557380,,homePageLoaded,,4/11/2024 3:34:15,,s~ecobites-444,"""logs"", ""y0Q1szWIO3V3VN8OLr8M""",logs,y0Q1szWIO3V3VN8OLr8M,,,FALSE
516303,,homePageLoaded,,3/11/2024 3:26:57,,s~ecobites-444,"""logs"", ""z73YRaoK6aPItP79nPS8""",logs,z73YRaoK6aPItP79nPS8,,,FALSE
4516,FALSE,splashScreenUnauthenticated,,2/11/2024 17:55:15,,s~ecobites-444,"""logs"", ""0p77IDBKZxdFzgySMuPO""",logs,0p77IDBKZxdFzgySMuPO,,,FALSE
6507,FALSE,splashScreenUnauthenticated,,3/11/2024 3:18:33,,s~ecobites-444,"""logs"", ""MqE1aIkBEqi0E1pd13zV""",logs,MqE1aIkBEqi0E1pd13zV,,,FALSE
6119,FALSE,splashScreenUnauthenticated,,4/11/2024 3:25:05,,s~ecobites-444,"""logs"", ""RBCgqHZGSo2s3Uo57yVd""",logs,RBCgqHZGSo2s3Uo57yVd,,,FALSE